"Model","st1","st2","OFL_2020"
"model 16.0 (2020 base)",50.0238335745872,0.649735560242032,50.6735691348292
