lci,uci,l05,u95,median_ssb,se_ssb,CV_ssb,Model
924.892325,1348.5467499999997,946.79255,1303.4869999999999,1100.835,107.99772139412904,0.0981052758988668,19.0a (alt regime)
