lci,uci,median_ssb,Model
946.79255,1303.4869999999999,1100.835,19.0 (ref)
