"Crab.Year","HAL","NPT","POT","PTR","trawl","fixed","trawl_thou","fixed_thou","trawl_1000t","fixed_1000t","status","total_1000t","total_lbs"
2021,645.4366003,0.0007226,0,0,0.0003613,322.71830015,0.0000003613,0.32271830015,0,0,"complete",0,0
2022,4264.5393076,0.0788134,0,0,0.0394067,2132.2696538,0.0000394067,2.1322696538,0,0.002,"complete",0.002,0.004
2023,692.2196124,1.0764811,0,0,0.53824055,346.1098062,0.00053824055,0.3461098062,0,0,"not completed",0,0
