"Crab.Year","HAL","NPT","POT","PTR","trawl","fixed"
2021,476.564358603,0,0,0,0,238.2821793015
2022,3697.264867832,0,0,0,0,1848.632433916
2023,533.675560614,0,0,0,0,266.837780307
