model,bmsy,yr_est,proj_b,b_bmsy,f_ofl,OFL_t,OFL_lbs
2020a,589.0663333333333,589.071,526.3922828585605,0.8936044263128723,0.15872088526257444,77.25623919521612,170320.85246590406
2020b,574.6437777777778,574.651,513.5066091132556,0.8936085779942705,0.1587217155988541,75.36543034124813,166152.33249634993
2020c,639.7728888888889,639.781,571.7066043304333,0.8936086762340488,0.15872173524680977,83.90723395027408,184983.78594840618
2020d,514.5902666666667,614.151,548.803704324042,1.0664867563061342,0.18,90.40431819001023,199307.404827374
2020e,503.70826666666665,584.542,522.345180473506,1.0369994201805954,0.18,86.04581114974162,189698.54161696858
2020f,557.2711333333333,657.649,587.6734017285683,1.0545556131956502,0.18,96.80731522596567,213423.5969286343
