survey_year,abundance,se_abundance,biomass,se_biomass,cv_abund,cv_biomass
2004,72916.13440629342,26016.106693465248,65296.318387869906,23880.196287652736,0.35679492481735,0.3657204093162006
2008,5793.204939017209,3377.422707005745,6701.070581744952,3881.8619622142037,0.5829972774239037,0.5792898186730293
2010,8720.990458180913,3730.4995646324805,10382.475634214787,5276.092088873793,0.4277609960154245,0.5081728361092193
2012,12746.619477174347,4060.6536207899703,17251.451974889158,5983.584758679981,0.3185671015018117,0.3468452839441896
2016,9679.846723021701,4299.104132954419,10527.831210388664,5373.768795417997,0.4441293603058616,0.5104345508612699
