survey_year,abundance,se_abundance,biomass,se_biomass,cv_abund,cv_biomass
2004,203054.50082627955,53352.4216659104,185581.92297931475,48267.98136800723,0.26274926903272794,0.26008988695190566
2008,16149.171290135077,5633.269363076884,15389.565871094712,5349.1655040286105,0.3488271479613345,0.347583911647282
2010,39015.26011374664,7058.35818930686,55275.808106330245,11173.653620248217,0.18091275487408368,0.20214365023400893
2012,69356.12955314245,29496.49455359597,106414.54391502286,48789.3175170617,0.42529037799023944,0.4584835467229209
2016,22287.87728473901,8560.636912024702,32721.854785946707,13212.205224771353,0.384093864241004,0.4037731146721455
