survey_year,abundance,se_abundance,biomass,se_biomass,cv_abund,cv_biomass
2004,310432.64599424275,57400.44687775153,263841.7189185868,49151.808370487954,0.18490467294092539,0.18629278406746072
2008,78090.31857628697,28820.09948140986,66519.89973065561,23550.291340991134,0.3690611077896334,0.3540337769050787
2010,41289.617484371236,8583.05626438822,35721.299923189974,7724.913872285869,0.20787444368156333,0.21625511638424216
2012,41217.12865970195,10678.478902746387,36326.59799902071,9756.36296564994,0.2590786706883527,0.2685735384830958
2016,55034.93539064339,15503.236497832208,47135.89172399345,13568.027041905601,0.2816980957239017,0.287849164313128
