survey_year,abundance,se_abundance,biomass,se_biomass,cv_abund,cv_biomass
2004,10789.98541303596,4148.011167659985,9731.831395838279,2741.669286554461,0.3844315825161868,0.2817218234716755
2008,3192.9792154585184,3192.979215458519,5139.754038434863,5139.754038434863,1.0000000000000002,1
2010,1270.032623797813,900.1125031686914,1748.15903311576,1323.958222408575,0.7087317965715405,0.7573442675000066
2012,932.1658102881424,659.7329203596825,1088.0260382784709,805.6488035202384,0.707742027307086,0.7404683115810134
2016,1641.441432570662,1195.8612915546967,1850.8723959658237,1333.0616502120492,0.7285433813388381,0.7202342274473384
