survey_year,abundance,se_abundance,biomass,se_biomass,cv_abund,cv_biomass
2004,9902.118672120669,5599.932722478303,67528.76847301047,61828.474132548276,0.5655287426765412,0.915587171669798
2008,13123.065518850117,7600.7022870018245,22419.004007334934,12112.450650785619,0.5791864923697966,0.5402760375448762
2010,8036.465871126084,3659.567297115631,14105.149396395003,6677.065424434224,0.4553702281327359,0.47337785916260833
2012,7349.573284636541,3784.7312803415366,7599.158349131174,3756.2391484144796,0.5149593226389202,0.4942967333802088
2016,32045.44037724989,24092.671022702085,57159.2530109933,44797.63046142091,0.7518283643187584,0.7837336581848802
