survey_year,abundance,se_abundance,biomass,se_biomass,cv_abund,cv_biomass
2004,69064.09230903031,35256.34651120805,75154.39570759032,39337.57213485068,0.5104873651774352,0.5234234373715778
2008,91646.06138723929,36401.62845922183,115652.24919890295,38064.87983076158,0.3971979581906,0.3291322053347723
2010,65142.12455821824,16903.083995908455,101930.79854544203,28044.07130443328,0.25948008466935985,0.27512853528691705
2012,38654.95706268558,12514.541603669957,56816.37438342408,18733.437158964283,0.3237499807172338,0.3297189826394427
2016,67678.57561831936,21990.43593580008,94360.71081705127,29093.963825347168,0.32492462695754,0.30832709475615566
