survey_year,abundance,se_abundance,biomass,se_biomass,cv_abund,cv_biomass
2004,380454.89077030943,69661.30517451093,415213.0253212938,91113.767949815,0.1831000385708467,0.21943860715667754
2008,141848.56622867432,38252.50179210281,179231.1060904191,41265.32996936924,0.2696714024619459,0.23023531388882668
2010,132486.23462599897,20493.744430698527,200730.18529527812,33758.37135438637,0.1546858395406224,0.16817785180005254
2012,147020.68483260323,36085.82041471344,221278.79499790844,59091.29338758311,0.24544723387597134,0.2670445371330843
2016,145340.33640992094,34352.062432370505,212808.23011740332,55721.811005675736,0.23635601293424302,0.26184048885202793
