survey_year,abundance,se_abundance,biomass,se_biomass,cv_abund,cv_biomass
2004,92939.25581808819,36164.3233795593,95291.8326092226,39913.427965555056,0.3891178497312743,0.41885465808212535
2008,116713.21078406353,37548.87573850514,152000.71559914458,40407.02862154232,0.32171915660838124,0.2658344630962364
2010,83479.95143027362,18853.283823836842,133323.74252161733,31387.69007382366,0.22584205549740874,0.23542460990197908
2012,63985.7699919983,20376.925398557836,96524.77306971794,32786.14179615891,0.31846026704228236,0.3396655672267484
2016,111731.17096958957,32967.670655406284,167707.67172510215,53848.89423582341,0.29506242858923637,0.3210878410147496
