lci,uci,l05,u95,median_ssb,se_ssb,CV_ssb,Model
2655.48475,4362.82125,2754.399,4196.646,3389.125,445.79458952214605,0.13153678000137087,19.2 (add CV pot)
